Name,Calcium,Calories,Cholesterol,Contains,Dietary Fiber,Dietary Fiber <,Ingredients,Iron,Potas.,Protein,Protein <,Saturated Fat,Serving Size,Sodium,Total Carbohydrate,Total Fat,Total Sugars,Total Sugars <,Trans Fat,Vit. D
Sticky Rice (vgn),1mg,70,0mg,,,1g,"Calrose Rice(Calrose Rice (Medium Grain White), Enriched With Iron (Ferric Orthophosphate), Niacin, Thiamine (Thiamine Mononitrate), And Folate.), Water",0.10mg,5mg,1g,,0g,1/2 Cup (71g),0mg,15g,0g,0g,,0g,0mcg
Sliced Pastrami,13mg,30,10mg,Milk,0g,,"Beef Pastrami(Beef, Water, Salt, Sugar, Potassium Lactate, Sodium Phosphate, Sodium Diacetate, Natural Flavors, Sodium Erythorbate, Sodium Nitrite, Sugar, Spices, Brown Sugar, Caramel Color and Natural Smoke Flavor)",0.55mg,230mg,5g,,0g,Slice (28g),260mg,1g,1g,0g,,0g,0.0mcg
Sliced Ham,0mg,35,20mg,Pork,0g,,"Football Ham(Ham cured with water, salt, dextrose, sugar, sodium phosphate, sodium erythorbate, sodium nitrite and flavorings.)",0.00mg,0mg,5g,,0g,Slice (28g),330mg,1g,1g,1g,,0g,0.0mcg
Oatmeal (vgn),12mg,90,0mg,"Oats, Wheat",2g,,"Rolled Oatmeal(100% Natural Rolled Oats. May Contain Milk, Sesame, Soy, Tree Nuts, Wheat.), Kosher Salt(Kosher Salt), Water",1.18mg,90mg,3g,,1.5g,1/2 Cup (131g),65mg,16g,2g,0g,,0g,0mcg
Sliced Genoa Salami,1mg,30,10mg,Pork,0g,,"Genoa Salami(Pork, Beef, Salt, 2% or less of Dextrose, Spices, Ascorbic Acid, Spice Extractives, Lactic Acid Starter Culture, Garlic, Sodium Nitrite.)",0.12mg,30mg,2g,,0.5g,Slice (8g),120mg,0g,2g,0g,,0g,0mcg
Tortilla Chips and Salsa (vgn),111mg,260,0mg,Soy,3g,,"Corn Tortilla, Diced Tomato(Vine-Ripened Fresh Peeled Tomatoes, Tomato Juice, Salt, And Calcium Chloride.), Diced Green Chilie(Diced green chile peppers, water, salt, citric acid, calcium chloride.), Onions, Green Onions, Chopped(Green Onion), Limes, Shortening Frying Oil(Soybean Oil, Hydrogenated Soybean Oil, TBHQ and Citric Acid Added To Help Preserve Freshness, Dimethylpolysiloxane), Sliced Jalapeno Pepper (vgn)(Jalapeno peppers ,water, vinegar, salt, calcium chloride, garlic. OR Sliced jalapenos, water, vinegar, salt, calcium chloride.), Fresh Herbs(Cilantro), Peeled Garlic Clove, Kosher Salt(Kosher Salt), Spices(Black Pepper), Spices(Black Cumin Seed), Spices(Chili pepper, spices, salt, silicon dioxide (added to make free flowing), and garlic.)",1.11mg,280mg,7g,,0.5g,4 oz. (110g),210mg,49g,4.5g,2g,,,0mcg
Sliced Turkey,0mg,30,15mg,,0g,,"Turkey Breast Oven Roasted(Turkey Breast, Turkey Broth, Salt, Dextrose (Corn or Rice), Carrageenan, Sodium Phosphate, Sodium Erythorbate, Sodium Nitrite. OR Turkey Breast, Turkey Broth, Salt, Dextrose (Corn or Rice), Carrageenan, Sodium Phosphsate. OR Turkey Breast, Salt)",0.18mg,0mg,6g,,0g,Slice (28g),150mg,1g,0.5g,0g,,0g,0.0mcg
Coleslaw (v),38mg,130,5mg,"Eggs, Soy",2g,,"Green Cabbage(Green Cabbage), Red Cabbage (vgn), Mayonnaise (v)(Soybean Oil, Water, Egg Yolks, Distilled Vinegar, High Fructose Corn Syrup, Contains Less Than 2% Of Salt, Spice, Lemon Juice Concentrate, Calcium Disodium Edta Added To Protect Flavor. Contains: Egg.), Granulated Sugar (vgn)(Sugar), Shredded Carrot (vgn)(Carrot), Red Wine Vinegar(Red Wine Vinegar, Potassium Metabisulfite, Diluted With Water To 5% Acidity.), Kosher Salt(Kosher Salt), Celery Salt(Salt and celery seed. OR Salt, Celery Seed and not more than 2% Tricalcium Phosphate (added to prevent caking).), Spices(Ground White Pepper)",0.31mg,200mg,1g,,1.5g,4 oz. Portion (113g),100mg,15g,9g,12g,,0g,0mcg
Sliced Roast Beef,0mg,30,15mg,,0g,,"Beef Roast (Cooked)(Beef, Water, Salt, Maltodextrin, Potassium Lactate, Sodium Phosphate, Sodium Carbonate, Hydrolyzed Corn Protein, Sodium Diacetate, Dextrose and Flavorings; Coated With: Caramel Color and Spices Solution)",0.55mg,0mg,5g,,0g,Slice (28g),210mg,0g,1g,0g,,0g,0.0mcg
Argentinian Grilled Vegetable (vgn),18mg,100,0mg,,2g,,"Onions(Red Onion), Eggplant, Yellow Crookneck Squash, Zucchini Squash, Red Bell Pepper (vgn), Sweet Potato(Sweet Potato), Olive/Canola Oil Blend(Canola oil, virgin olive oil, beta-carotene (color)), Peeled Garlic Clove, Kosher Salt(Kosher Salt), Spices(Black Pepper)",0.37mg,250mg,1g,,0.5g,1/2 Cup (108g),65mg,8g,7g,3g,,0g,0mcg
Armenian Salad (vgn),43mg,80,0mg,,1g,,"Cucumbers, Diced(Cucumber), Tomatoes, Celery, Sliced(Celery), Bell Peppers, Diced(Bell Pepper), Green Onions, Chop Fine(Green Onion), Olive/Canola Oil Blend(Canola oil, virgin olive oil, beta-carotene (color)), Lemons(Lemon), Fresh Herbs(Parsley), Spices(Ingredients: Parsley), Spices(Oregano Leaves)",0.70mg,200mg,,1g,0g,1/2 Cup (93g),20mg,4g,7g,,1g,0g,0mcg
Chicken Vegetable Soup,18mg,45,15mg,Wheat,,1g,"Water, Diced Tomato(Vine-Ripened Fresh Peeled Tomatoes, Tomato Juice, Salt, And Calcium Chloride.), Halal Chicken Thigh(Halal Chicken Thigh), Carrots, Fresh, Diced, Celery(Celery), Onions, Potato, Diced(Potato), Base Chicken Passover(Salt, Sugar, Monosodium Glutamate, Dextrose, Tapioca Starch, Potato Starch, Palm Oil, Dehydrated Celery, Onion Powder, Yeast extract, Garlic Powder, Dehydrated Parsley, Citric Acid, Artificial Flavors, Turmeric Extract (for color), Rosemary Extract (to help protect flavor). OR Salt, Potato Starch, Monosodium Glutamate, Sugar, Onion Powder, Palm Stearin, Spices, Garlic Powder, Turmeric Oleoresin (For Color), Natural Flavor, Coconut Oil), Kosher Salt(Kosher Salt), Spices(Ground White Pepper)",0.34mg,140mg,4g,,0g,6 oz Ladle (171g),380mg,4g,1.5g,2g,,0g,0mcg
Vegetable Beef Soup,17mg,60,10mg,Wheat,,1g,"Water, Celery, Chopped(Celery), Stew Meat, Small Diced(Beef Stew Meat), Potatoes, Bakers, Diced(Potato), Diced Tomato(Vine-Ripened Fresh Peeled Tomatoes, Tomato Juice, Salt, And Calcium Chloride.), Carrots, Fresh, Sliced, Green Bean (Frozen)(Green Beans), Onions, Canola Oil(Canola Oil), Beef Base(Salt, Corn Starch, Sugar, Wheat Flour, Palm Oil, Monosodium Glutamate, Dehydrated Onions, Dextrose, Caramel Color, Cellulose Fibers, Dehydrated Parsley, Artificial Flavorings (Contain Celery), Beet Fibers, Turmeric Extract (For Color), Cumin, Rosemary Extract (To Help Protect Flavor). May Contains Sesame Seeds and Soy.), Fresh Herbs(Parsley), Kosher Salt(Kosher Salt)",0.37mg,130mg,3g,,0.5g,6 oz Ladle (157g),360mg,5g,3.5g,1g,,0g,
Arroz con Leche (v),172mg,190,20mg,Milk,0g,,"Whole Milk(Milk, vitamin D3), Long Grain Rice(Long grain white rice, enriched with niacin, iron (ferric orthophosphate), thiamine (thiamine mononitrate), and folic acid.), Sweetened Condensed Milk(Concentrated whole milk and sugar.), Spices, Water",0.65mg,240mg,5g,,3g,1/2 Cup (116g),65mg,31g,5g,22g,,0g,0.8mcg
Spicy Black Bean Soup (vgn),27mg,90,0mg,,5g,,"Water, Black Bean(Black Beans), Diced Tomato(Vine-Ripened Fresh Peeled Tomatoes, Tomato Juice, Salt, And Calcium Chloride.), Onions, Mirepoix Base(Sauteed Pureed Carrots, Celery, and Onions (With Canola Oil),Salt, Sugar, Hydrolyzed Corn Protein, Onion Powder, Yeast Extract, Food Starch - Modified, Carrot Powder, Turmeric (Color), Spice Extractives, Citric Acid.), Jalapeno(Jalapeno), Olive/Canola Oil Blend(Canola oil, virgin olive oil, beta-carotene (color)), Peeled Garlic Clove, Fresh Herbs(Cilantro), Kosher Salt(Kosher Salt), Spices(Black Cumin Seed), Spices(Black Pepper)",1.23mg,230mg,5g,,0g,6 oz Ladle (175g),90mg,13g,2g,,1g,0g,0mcg
Lentil Soup (vgn),20mg,90,0mg,,5g,,"Water, French Green Lentil(Lentil), Diced Potato(Potato), Celery(Celery), Onions, Mirepoix Base(Sauteed Pureed Carrots, Celery, and Onions (With Canola Oil),Salt, Sugar, Hydrolyzed Corn Protein, Onion Powder, Yeast Extract, Food Starch - Modified, Carrot Powder, Turmeric (Color), Spice Extractives, Citric Acid.), Wine Vinegar(Red Wine Vinegar, Potassium Metabisulfite, Diluted With Water To 5% Acidity.), Peeled Garlic Clove, Olive/Canola Oil Blend(Canola oil, virgin olive oil, beta-carotene (color)), Kosher Salt(Kosher Salt), Spices(Black Pepper), Spices(Whole Bay Leaves)",2.12mg,280mg,6g,,0g,6 oz Ladle (196g),50mg,15g,0.5g,2g,,0g,0mcg
Oatmeal (vgn),12mg,90,0mg,"Oats, Wheat",2g,,"Rolled Oatmeal(100% Natural Rolled Oats. May Contain Milk, Sesame, Soy, Tree Nuts, Wheat.), Kosher Salt(Kosher Salt), Water",1.18mg,90mg,3g,,1.5g,1/2 Cup (131g),65mg,16g,2g,0g,,0g,0mcg
White Bean Basque Soup (vgn),55mg,80,0mg,,4g,,"Water, White Navy Bean(Small White Beans), Celery(Celery), Butternut Squash(Butternut Squash), Onions, Green Cabbage(Green Cabbage), Red Bell Pepper, Chopped, Mirepoix Base(Sauteed Pureed Carrots, Celery, and Onions (With Canola Oil),Salt, Sugar, Hydrolyzed Corn Protein, Onion Powder, Yeast Extract, Food Starch - Modified, Carrot Powder, Turmeric (Color), Spice Extractives, Citric Acid.), Olive/Canola Oil Blend(Canola oil, virgin olive oil, beta-carotene (color)), Spices(Fennel Seed), Peeled Garlic Clove, Spices(Thyme Leaves), Spices(Black Pepper), Spices(Saffron)",1.27mg,260mg,3g,,0g,6 oz. Ladle (213g),30mg,12g,2g,2g,,0g,0mcg
Curried Chicken Soup,65mg,160,40mg,"Milk, Soy, Wheat",,1g,"Water, Milk, Homognzed, Hot *ccp(Milk, vitamin D3), Halal Chicken Thigh(Halal Chicken Thigh), Half & Half, Hot *ccp(Half & Half, Sodium Citrate, Datem, Tetra, Sodium Pyrophosphate, Carregeenan.), Onions, Unsalted Butter (v)(Pasteurized Cream, Natural Flavors (Lactic Acid, Starter Distillate)), Carrots, Minced, Celery, Minced(Celery), White Rice, Raw(Long Grain Parboiled White Rice OR Long Grain Parboiled Rice Enriched With Iron (Ferric Phosphate), Niacin,Thiamine, Mononitrate & Folic Acid), All Purpose Flour(Bleached wheat flour, malted barley flour, niacin, iron, thiamin mononitrate, riboflavin, folic acid.), Chicken Base(Roasted Chicken, Salt, Sugar, Hydrolyzed Corn Protein, Contains 2% Or Less Of Chicken Fat, Onion Powder, Disodium Inosinate, Disodium Guanylate, Extractive of Turmeric (Color), Spice Extractive. OR Roasted Chicken, Salt, Hydrolyzed Corn Protein, Sugar, Chicken Fat, Maltodextrin, Containes 2% or less of Yeast Extract, Onion Powder, Disodium Inosinate, Disodium Guanylate, Turmeric (Color), Natural Flavoring, Extractive Of Annatto (Color).), Spices(Coriander, Fenugreek, Turmeric, Cumin, Black Pepper, Bay Leaves, Celery Seed, Nutmeg, Cloves, Onion, Red Pepper, And Ginger), Spices(Basil Leaves)",0.83mg,160mg,8g,,5g,6 oz Ladle (207g),300mg,10g,10g,3g,,0g,0.5mcg
7 Grain Hot Cereal (vgn),72mg,420,0mg,"Oats, Soy, Wheat",8g,,"Hot Grain Cereal(Whole grain oats, brown rice, corn, soy beans, millet, sorghum, oat bran, sunflower seeds, flaxseed. OR Whole Grain Hard Red Wheat, Rye, Oats, Triticale, Barley, Brown Rice, Oat Bran, Flaxseed . May contain tree nuts.), Kosher Salt(Kosher Salt), Water",3.00mg,440mg,14g,,0g,1/2 Cup (114g),40mg,81g,7g,0g,,0g,0mcg
Chicken Noodle Soup,16mg,70,30mg,"Eggs, Soy, Wheat",,1g,"Water, Egg Noddles(Semolina (wheat), durum flour (wheat), egg yolk, niacin, ferrous sulfate (iron), thiamin mononitrate, riboflavin, folic acid. OR Durum flour (wheat), niacin, iron (ferrous sulfate) thiamin mononitrate, riboflavin and folic acid. May contain eggs. OR Durum Wheat Semolina, Egg Yolk, Niacin, Ferrous Sulfate (Iron), Thiamin Mononitrate, Riboflavin, Folic Acid), Halal Chicken Thigh(Halal Chicken Thigh), Jumbo Carrot, Celery(Celery), Onions, Chicken Base(Roasted Chicken, Salt, Sugar, Hydrolyzed Corn Protein, Contains 2% Or Less Of Chicken Fat, Onion Powder, Disodium Inosinate, Disodium Guanylate, Extractive of Turmeric (Color), Spice Extractive. OR Roasted Chicken, Salt, Hydrolyzed Corn Protein, Sugar, Chicken Fat, Maltodextrin, Containes 2% or less of Yeast Extract, Onion Powder, Disodium Inosinate, Disodium Guanylate, Turmeric (Color), Natural Flavoring, Extractive Of Annatto (Color).), Kosher Salt(Kosher Salt), Spices(Ground White Pepper)",0.57mg,115mg,5g,,0.5g,6 oz Ladle (176g),330mg,8g,2g,2g,,0g,0.0mcg
Potato Leek Soup (v),65mg,110,5mg,"Milk, Soy, Wheat",,1g,"Water, Milk(Milk, vitamin D3), Baker Potato(Potato), Leek(Leek), Margarine (vgn)(Oil blend (palm, soybean, canola, and olive oils), water, contains less than 2% of salt, enzyme-modified soybean lecithin, natural &artificial flavor, potassium sorbate and calcium disodium edta (to preserve freshness), lactic acid, vitamin a palmitate, beta-carotene color. OR Palm oil, water, soybean oil, contains less than 2% of salt, whey, vegetable mono & diglycerides, soy lecithin, artificial flavor, beta carotene (color), vitamin A palmitate added.), Onions, Flour, All Purpose(Bleached wheat flour, malted barley flour, niacin, iron, thiamin mononitrate, riboflavin, folic acid.), Mirepoix Base(Sauteed Pureed Carrots, Celery, and Onions (With Canola Oil),Salt, Sugar, Hydrolyzed Corn Protein, Onion Powder, Yeast Extract, Food Starch - Modified, Carrot Powder, Turmeric (Color), Spice Extractives, Citric Acid.), Kosher Salt(Kosher Salt), Spices(Ground White Pepper)",0.33mg,200mg,2g,,2.5g,6 oz Ladle (193g),280mg,12g,6g,3g,,0g,0.4mcg
Danish Cauliflower Cheese Soup (v),210mg,230,30mg,"Milk, Wheat",0g,,"Lowfat Milk(Milk, vitamin D3), Water, Cauliflower Florette (vgn)(Cauliflower), Cheddar Cheese (v)(Pasteurized Milk, Cheese Culture, Salt, Enzymes (Microbial), Annatto Color), All Purpose Flour(Bleached wheat flour, malted barley flour, niacin, iron, thiamin mononitrate, riboflavin, folic acid.), Canola Oil(Canola Oil), Heavy Cream(Milk, cream), Celery(Celery), Onions, Sherry Cooking Wine(Wine, water, neutral spirits, salt, high fructose corn syrup, tartaric acid, caramel color, citric acid, potassium sorbate (preservative), potassium metabisulfite (preservative).), Olive/Canola Oil Blend(Canola oil, virgin olive oil, beta-carotene (color)), Peeled Garlic Clove, Kosher Salt(Kosher Salt), Spices(Ground White Pepper)",0.52mg,260mg,8g,,6g,6 oz Ladle (214g),250mg,13g,18g,4g,,0g,0.8mcg
Tomato Basil Soup (v),31mg,100,0mg,Wheat,,1g,"Water, Diced Tomato(Vine-Ripened Fresh Peeled Tomatoes, Tomato Juice, Salt, And Calcium Chloride.), Onions, Olive/Canola Oil Blend(Canola oil, virgin olive oil, beta-carotene (color)), Tomato Paste(Vine-ripened fres tomatoes and naturally dervied citric acid.), Brown Sugar (vgn)(Brown Sugar (Cane Sugar, Cane Syrups)), All Purpose Flour(Bleached wheat flour, malted barley flour, niacin, iron, thiamin mononitrate, riboflavin, folic acid.), Canola Oil(Canola Oil), Madeira Wine(Wine Madeira), Fresh Herbs, Mirepoix Base(Sauteed Pureed Carrots, Celery, and Onions (With Canola Oil),Salt, Sugar, Hydrolyzed Corn Protein, Onion Powder, Yeast Extract, Food Starch - Modified, Carrot Powder, Turmeric (Color), Spice Extractives, Citric Acid.), Kosher Salt(Kosher Salt)",0.30mg,240mg,,1g,0.5g,6 oz Ladle (171g),150mg,7g,8g,5g,,0g,0mcg
Cream of Wheat (vgn),209mg,100,10mg,Wheat,0g,,"Cream Of Wheat Cereal, Water",2.78mg,190mg,5g,,1.5g,1/2 Cup (114g),170mg,14g,2.5g,6g,,,1.5mcg
New England Clam Chowder,97mg,240,55mg,"Milk, Shellfish, Wheat",,1g,"Milk, Homogenized *ccp(Milk, vitamin D3), Water, Chopped Clams, Frzen *ccp(Clam meat or clam meat and natural juice or clam meat. OR Ocean Clams and Ocean Clam Juice, Sodium Tripolyphosphate (to retain ntaural juices), Carrageenan ( to enhance flavor) and Calcium Disodium EDTA (to protect color) OR Clams, Clam Juice, Sea Salt, Phosphate & Carrageenan.), Heavy Cream(Milk, cream), Potato, Small Diced, PRE COOKED(Potato), All Purpose Flour(Bleached wheat flour, malted barley flour, niacin, iron, thiamin mononitrate, riboflavin, folic acid.), Unsalted Butter (v)(Pasteurized Cream, Natural Flavors (Lactic Acid, Starter Distillate)), Celery, Diced(Celery), Onions, Clam Base(Cooked Clams with Clam Juice and Clam Extract, Salt, Butter Oil, Hydrolyzed Corn Protein, Maltodextrin, Yeast Extract, Sugar, Onion Powder, Dehydrated Potato Flakes, Natural Flavor [with Torula Yeast, Gum Arabic, Citric Acid].), Sherry Cooking Wine(Wine, water, neutral spirits, salt, high fructose corn syrup, tartaric acid, caramel color, citric acid, potassium sorbate (preservative), potassium metabisulfite (preservative).), Kosher Salt(Kosher Salt), Spices(Granulated garlic), Tabasco Sauce (vgn)(Distilled vinegar, red pepper, salt.), Fresh Herbs(Thyme), Spices(Ground White Pepper), Spices(Whole Bay Leaves)",0.89mg,220mg,6g,,10g,6 oz Ladle (217g),600mg,17g,16g,4g,,0g,1.0mcg
French Onion Soup (vgn),20mg,90,0mg,Soy,1g,,"Onions, Water, Sherry Cooking Wine(Wine, water, neutral spirits, salt, high fructose corn syrup, tartaric acid, caramel color, citric acid, potassium sorbate (preservative), potassium metabisulfite (preservative).), Worcestershire Sauce(Water, Vinegar, Corn Syrup, High Fructose Corn Syrup, Molasses, Salt, Caramel Color, Natural & Artifical Flavors, Corn Starch, Spices, Onion Powder, Garlic Powder, Tamarind, Citric Acid, Sodium Benzoate (preservative), Sulfiting Agent.), Olive/Canola Oil Blend(Canola oil, virgin olive oil, beta-carotene (color)), Mirepoix Base(Sauteed Pureed Carrots, Celery, and Onions (With Canola Oil),Salt, Sugar, Hydrolyzed Corn Protein, Onion Powder, Yeast Extract, Food Starch - Modified, Carrot Powder, Turmeric (Color), Spice Extractives, Citric Acid.), Peeled Garlic Clove, Spices(Ground White Pepper)",0.33mg,160mg,2g,,0g,6 oz Ladle (170g),135mg,15g,3.5g,5g,,0g,0mcg
Baked Sweet Potato (vgn),42mg,100,0mg,,4g,,Sweet Potato(Sweet Potato),0.76mg,520mg,2g,,0g,Piece (111g),40mg,23g,0g,7g,,0g,0mcg
Watermelon (vgn),9mg,35,0mg,,0g,,Watermelon,0.30mg,140mg,,1g,0g,Slice (125g),0mg,9g,0g,8g,,0g,0mcg
Organic Fresh Strawberry (vgn),18mg,35,0mg,,2g,,Strawberry,0.46mg,170mg,,1g,0g,1/2 Cup (113g),0mg,9g,0g,5g,,,0.0mcg
Whole Plain Greek Yogurt (v),57mg,60,15mg,Milk,0g,,"Grade A Pasteurized Whole Milk, Live Active Cultures. Cultured after Pasteurization.",0.00mg,80mg,2g,,3g,1/4 Cup (57g),25mg,3g,4.5g,2g,,0g,0.0mcg
Kale & Quinoa Salad w/Almonds (w/nuts),189mg,240,5mg,"Milk, Tree Nuts",4g,,"Green Kale (vgn)(Kale), Organic Quinoa(Quinoa), Blanched Slivered Almond(Almonds, Blanched. Allergen Information: May contain peanuts and/or other tree nuts, egg and soy.), Cheese Ricotta Salata(Pasteurized whey, cream and milk (animal rennet source).), Cranberry Dried(Cranberries, Sugar, Citric Acid, Sunflower Oil and Aronia juice concentrate), Extra Virgin Olive Oil (vgn)(Extra virgin olive oil), Green Onion(Green Onion), White Wine Vinegar(White Wine Vinegar (diluted with water to 5% acidity), Potassium Metabisulfite (Preservative).), Dijon Mustard(Water, Mustard Seeds, Distilled Vinegar, Salt, Citric Acid.), Whole Grain Dijon Mustard(Mustard Seeds, Water, Distilled Vinegar, Salt, White Wine, Citric Acid, Natural Flavors, Potassium Metabisulphite (Preservative), Tumeric. Contains Sulfites. Processed In A Facility That Contains Peanuts and Tree Nuts.), Local Unfiltered Honey (v)(Honey), Fresh Herbs(Dill), Kosher Salt(Kosher Salt), Spices(Black Pepper), Lemons, Water",1.58mg,260mg,6g,,3g,4 oz (116g),190mg,16g,17g,8g,,,0.0mcg
Vegetarian Taco Salad (v),87mg,140,10mg,"Eggs, Milk, Soy, Wheat",4g,,"Mexican Style Vegetarian Chili Beans(Beans, water, salt, spices, tomato paste, sugar, soybean oil, spice extract. OR Prepared Pinto Beans, Water. Contains 2% or less of: Tomato Paste, Salt, Modified Corn Starch, Spice, Corn Oil, Garlic Powder, Onion Powder, Extractive of Paprika.), Iceberg Lettuce(Iceberg Lettuce), Tomatoes, Fresh Yellow Corn on the Cob(Corn), Cheddar Cheese (v)(Pasteurized Milk, Cheese Culture, Salt, Enzymes (Microbial), Annatto Color), Mayonnaise (v)(Soybean Oil, Water, Egg Yolks, Distilled Vinegar, High Fructose Corn Syrup, Contains Less Than 2% Of Salt, Spice, Lemon Juice Concentrate, Calcium Disodium Edta Added To Protect Flavor. Contains: Egg.), Corn Tortilla(Ingredients: Whole Grain Corn, Water, Vegetable Oil (Contains One or More of the Following: Cottonseed Oil, Corn Oil, Palm Oil), Contains 2% or Less of: Niacin, Reduced Iron, Thiamine Mononitrate, Riboflavin, Lime.), Buttermilk(Skim Milk, Non Fat Milk Solids, Culture, and Salt.), Sliced Olive (vgn)(Ripe Olives, Water, Sea Salt, Ferrous Gluconate (Added To Stabilize Color)), Green Onion(Green Onion), Dijon Mustard(Water, Mustard Seeds, Distilled Vinegar, Salt, Citric Acid.), Chile Chipotle In Adobo Sauce(Chipotle peppers, water, tomato puree, corn oil, corn starch, salt, vinegar, caramel color, onion powder, garlic powder, spices. OR Chipotle peppers, water, tomato puree, vinegar, salt, sugar, garlic, and canola oil. OR Water, Tomato Paste, Dried Chipotle Peppers, Distilled Vinegar, Corn Oil, Contains 2% or less of Iodized Salt (Contains Potassium Iodate), Corn Starch, Onion Powder, Garlic Powder, Spices.), Spices(Garlic granulated.), Spices(Onion powder), Kosher Salt(Kosher Salt), Fresh Herbs(Cilantro), Spices(Parsley Flake)",216.39mg,370mg,6g,,2g,1/2 Cup (152g),310mg,16g,7g,2g,,,0.0mcg
Baked Potato (vgn),9mg,160,0mg,,3g,,Baker Potato(Potato),0.57mg,690mg,3g,,0g,Potato (182g),5mg,37g,0g,2g,,0g,0mcg
Spicy Kale Caesar (v),143mg,110,10mg,"Eggs, Milk, Soy, Wheat",1g,,"Kale(Kale), Mayonnaise (v)(Soybean Oil, Water, Egg Yolks, Distilled Vinegar, High Fructose Corn Syrup, Contains Less Than 2% Of Salt, Spice, Lemon Juice Concentrate, Calcium Disodium Edta Added To Protect Flavor. Contains: Egg.), Cheese Asiago, grated(Pasteurized Milk, Cheese Cultures, Sea Salt, Enzymes (Microbial), Natamycin (To Protect Flavor).), Hi-Gluten Flour(Bleached Wheat Flour, Malted Barley Flour, Niacin, Iron, Ascorbic Acid, Thiamin Mononitrate, Riboflavin, Folic Acid. Ascorbic Acid Added As A Dough Conditioner. OR Wheat Flour, Vitamin C (Ascorbic Acid added as a dough conditioner), Enzyme (added for improved baking), Niacin, Reduced Iron, Thiamine Mononitrate, Riboflavin, Folic Acid.), Lukewarm Water, Worcestershire Sauce--Lea&Perrins, Extra Virgin Olive Oil (vgn)(Extra virgin olive oil), Grated Parmesan Cheese (v)(Pasteurized Milk, Cheese Culture, Salt, Enzymes (Microbial).), Garlic Whole Peeled, Lemons, Red Wine Vinegar(Red Wine Vinegar, Potassium Metabisulfite, Diluted With Water To 5% Acidity.), Lemons(Lemon), Worcestershire Sauce(Water, Vinegar, Corn Syrup, High Fructose Corn Syrup, Molasses, Salt, Caramel Color, Natural & Artifical Flavors, Corn Starch, Spices, Onion Powder, Garlic Powder, Tamarind, Citric Acid, Sodium Benzoate (preservative), Sulfiting Agent.), Coarse Salt(Salt, Yellow Prussiate Of Soda.), Red Serrano Chiles--Tops Removed(Chile Serrano), Canola Oil(Canola Oil), Dry Active Yeast(Yeast, Sorbitan Monostearate OR Large Flake Inactive Nutritional Yeast), Dijon Mustard(Water, Mustard Seeds, Distilled Vinegar, Salt, Citric Acid.), Salt (vgn)(Salt, Yellow Prussiate Of Soda.), Tabasco Sauce (vgn)(Distilled vinegar, red pepper, salt.), Peeled Shallot, Granulated Sugar (vgn)(Sugar), Spices(Black Pepper), Kosher Salt(Kosher Salt)",0.76mg,85mg,3g,,2.5g,1/2 Cup (56g),190mg,6g,9g,0g,,0g,0mcg
Veg & Quinoa Salad w/Asian Vin (vgn),23mg,140,0mg,"Sesame, Soy",3g,,"Organic Quinoa(Quinoa), Black Bean(Black Beans), All Roma Tomatoes(Tomato), Cucumber (vgn)(Cucumber), Avocado Hass Ripe 60 CT(Avocado), Limes(Lime), Red Bell Pepper (vgn), Extra Virgin Olive Oil (vgn)(Extra virgin olive oil), Onions, Granulated Sugar (vgn)(Sugar), Green Onion(Green Onion), Apple Cider Vinegar(Made from the juice of apples, diluted with water to a uniform pickling and table strength of 4% (40 grain) acidity.), Sesame Oil(Sesame oil (made from toasted white sesame seeds).), Kosher Salt(Kosher Salt), Fresh Herbs(Cilantro), Fresh Herbs(Mint), Serrano Chile(Chile Serrano), Peeled Garlic Clove, Spices(Black Pepper), Spices(Oregano Leaves), Spices(Black Cumin Seed), Low Sodium Tamari Soy Sauce (vgn)(Water, Soybeans, Salt, Sugar, Alcohol, Vinegar, Lactic Acid. OR Water, Soybeans, Salt, Alcohol (To Preserve Freshness), Lactic Acid, Rice Vinegar. May Contain Shellfish, Eggs, Fish, Milk, Sesame.), Water",1.08mg,220mg,3g,,1g,4 oz (106g),330mg,17g,7g,3g,,0g,0mcg
Dragon Noodles (vgn),26mg,100,0mg,"Sesame, Soy, Wheat",2g,,"Yaki Soba Noodle(Enriched Wheat Flour [Wheat Flour, Niacin, Reduced Iron, Thiamine Mononitrate (Vitamin B1), Riboflavin (Vitamin B2), Folic Acid], Water, Wheat Gluten, Salt, Potassium Carbonate, FD & C Yellow # 5 & #6, and Soybean Oil.), Green Onion(Green Onion), Sesame Oil(Sesame oil (made from toasted white sesame seeds).), Radish(Radish), Plain Rice Vinegar(Rice vinegar (made from real rice), water, diluted with water to 4.2% acidity.), Granulated Sugar (vgn)(Sugar), Lemons, Black Sesame Seed(Black Sesame Seeds), Lemons(Lemon), Oil Hot Chili(Soybean Oil, Water, Dehydrated Garlic, Dried Chili Peppers, Salted Chili Peppers (Chili Peppers, Salt), Soy Sauce (Water, Salt, Soybeans, Wheat Flour), Salt, Sesame Oil, Sugar, Disodium 5'-Inosinate And Disodium 5'-Guanylate As Flavor Enhancers.), Chili Garlic Paste(Salted Chili Peppers (Chili Peppers, Salt), Water, Sugar, Rice Vinegar, Dehydrated Garlic, Modified Corn Starch, Acetic Acid. OR Chili, Salt, Garlic, Distilled Vinegar, Potassium Sorbate And Sodium Bisulfite As Preseravtives, Xanthan Gum.), Kosher Salt(Kosher Salt), Pickled Ginger(Ginger, Water, Salt, Acetic Acid, Citric Acid, Aspartame (Contains Phenylalanine), Potassium Sorbate, FD & C Red #40), Low Sodium Tamari Soy Sauce (vgn)(Water, Soybeans, Salt, Sugar, Alcohol, Vinegar, Lactic Acid. OR Water, Soybeans, Salt, Alcohol (To Preserve Freshness), Lactic Acid, Rice Vinegar. May Contain Shellfish, Eggs, Fish, Milk, Sesame.)",0.67mg,60mg,4g,,1g,4 oz (101g),190mg,21g,4g,4g,,,
Korean BBQ Chicken & Rice w/Pickled Cuke,58mg,940,200mg,"Sesame, Soy, Wheat",2g,,"Chicken Drumstick(Chicken), Cucumber (vgn)(Cucumber), Calrose Rice(Calrose Rice (Medium Grain White), Enriched With Iron (Ferric Orthophosphate), Niacin, Thiamine (Thiamine Mononitrate), And Folate.), Seasoned Rice Vinegar(Rice Vinegar (Made From Real Rice), Water, Invert Sugar, Salt, Brown Sugar. Diluted With Water To 4% Acidity (40 Grain).), Fresh Fresno Pepper(Pepper resno Jalapeno), Hot Pepper Fermented Paste Gochujang(Rice, Corn Syrup, Purified Water, Chili Powder, Sea Salt, Purified Salt, Alcohol, Garlic Onion, Seed Koji), Sesame Oil(Sesame oil (made from toasted white sesame seeds).), Granulated Sugar (vgn)(Sugar), Mirin(Glucose Syrup, Water, Alcohol, Rice, Salt. OR High Fructose Corn Syrup, Water, Sugar, Sake, Yeast Extract, Citric Acid, Potassium Sorbate (Preservative) OR Water. Rice. Salt. OR Glucose Syrup, Water, Alcohol, Rice, Salt. OR Water, Sugar, Rice, Corn Syrup, Koji Rice OR High Fructose Corn Syrup, Water, Sugar, Sake (Water, Rice, Koji (Aspergillus Oryzae)), Yeast Extract, Citric Acid, Potassium Sorbate), Ketchup (vgn)(Tomato Concentrate Made from Red Ripe Tomatoes, Distilled Vinegar, High Fructose Corn Syrup, Corn Syrup, Salt, Spice, Onion Powder, Natural Flavoring.), Spices(Crushed Red Pepper Flake), Peeled Garlic Clove, Kosher Salt(Kosher Salt), Spices(Black Pepper), Ginger Root, Low Sodium Tamari Soy Sauce (vgn)(Water, Soybeans, Salt, Sugar, Alcohol, Vinegar, Lactic Acid. OR Water, Soybeans, Salt, Alcohol (To Preserve Freshness), Lactic Acid, Rice Vinegar. May Contain Shellfish, Eggs, Fish, Milk, Sesame.), Water",12.92mg,630mg,30g,,19g,Plate (503g),1710mg,59g,70g,25g,,,0.3mcg
